City,Amsterdam,Antwerp,Athens,Barcelona,Belgrade,Berlin,Bratislava,Brussels,Bucharest,Budapest,Chisinau,Coimbra,Copenhagen,Dublin,Edinburgh,Frankfurt,Geneva,Hamburg,Helsinki,Larnaca,Lisbon,Ljubljana,London,Luxembourg City,Lyon,Madrid,Milan,Minsk,Munich,Nice,Oslo,Paris,Podgorica,Prague,Reykjavik,Riga,Rome,Sarajevo,Seville,Skopje,Sofia,Stockholm,Tallinn,Tirana,Valletta,Vienna,Vilnius,Warsaw,Zagreb,Zurich
Amsterdam,-,-,-,-,-,84,158,-,-,189,-,-,116,-,-,77,-,90,-,-,-,95,269,-,260,-,-,-,110,-,-,149,-,100,-,-,-,-,-,-,-,-,-,-,-,189,-,95,168,60
Antwerp,-,-,-,-,-,92,267,-,-,351,-,-,247,-,-,123,-,83,-,-,-,209,-,-,-,-,-,-,228,-,-,-,-,167,-,-,-,-,-,-,-,-,-,-,-,300.00,-,188,-,178
Athens,-,-,-,-,-,-,-,-,-,-,-,-,-,-,-,-,-,-,-,-,-,-,-,-,-,-,-,-,-,-,-,-,-,-,-,-,-,-,-,-,-,-,-,-,-,-,-,-,-,-
Barcelona,-,-,-,-,-,-,-,311,-,-,-,-,-,-,-,-,199,-,-,-,99,-,-,-,110,39,-,-,-,184,-,159,-,-,-,-,-,-,55,-,-,-,-,-,-,-,-,-,-,484
Belgrade,-,-,-,-,-,-,-,-,-,-,-,-,-,-,-,-,-,-,-,-,-,-,-,-,-,-,-,-,-,-,-,-,-,-,-,-,-,-,-,-,-,-,-,-,-,-,-,-,-,-
Berlin,84,92,-,-,-,-,70,91,-,80,-,-,68,-,-,37,90,15,-,-,-,80,326,68,149,-,94,-,100,-,-,211,-,36,-,-,188,-,-,-,-,175,-,-,-,-,-,45,-,90
Bratislava,158,267,-,-,-,70,62,158,-,39,-,-,-,-,-,100,-,100,-,-,-,-,-,-,-,-,-,-,120,-,-,-,-,16,-,-,-,-,-,-,-,-,-,-,-,19,-,-,-,-
Brussels,-,-,-,311,-,91,158,-,-,168,-,-,147,-,292,98,-,65,-,-,-,168,189,-,-,378,-,-,129,233,-,72,-,137,-,-,301,-,-,-,-,-,-,-,-,179.00,-,84,-,168
Bucharest,-,-,-,-,-,-,-,-,-,-,-,-,-,-,-,-,-,-,-,-,-,-,-,-,-,-,-,-,-,-,-,-,-,-,-,-,-,-,-,-,-,-,-,-,-,-,-,-,-,-
Budapest,189,351,-,-,-,80,39,168,-,-,-,-,158,-,-,100,-,100,-,-,-,-,-,84,-,-,166,-,60,-,-,353,-,42,-,-,190,-,-,-,-,-,-,-,-,16,-,-,-,122
Chisinau,-,-,-,-,-,-,-,-,-,-,-,-,-,-,-,-,-,-,-,-,-,-,-,-,-,-,-,-,-,-,-,-,-,-,-,-,-,-,-,-,-,-,-,-,-,-,-,-,-,-
Coimbra,-,-,-,-,-,-,-,-,-,-,-,-,-,-,-,-,-,-,-,-,14,-,-,-,-,-,-,-,-,-,-,-,-,-,-,-,-,-,64,-,-,-,-,-,-,-,-,-,-,-
Copenhagen,116,247,-,-,-,68,-,147,-,158,-,-,-,-,-,71,81,46,-,-,-,158,-,80,-,-,-,-,71,-,-,-,-,147,-,-,-,-,-,-,-,68,-,-,-,342,-,116,-,80
Dublin,-,-,-,-,-,-,-,-,-,-,-,-,-,-,-,-,-,-,-,-,-,-,-,-,-,-,-,-,-,-,-,-,-,-,-,-,-,-,-,-,-,-,-,-,-,-,-,-,-,-
Edinburgh,-,-,-,-,-,-,-,292,-,-,-,-,-,-,-,-,-,-,-,-,-,-,158,-,-,-,-,-,-,-,-,342,-,-,-,-,-,-,-,-,-,-,-,-,-,-,-,-,-,-
Frankfurt,77,123,-,-,-,37,100,98,-,100,-,-,71,-,-,-,70,45,-,-,-,120,-,32,145,-,119,-,80,-,-,122,-,84,-,-,-,-,-,-,-,199,-,-,-,132,-,90,-,48
Geneva,-,-,-,199,-,90,-,-,-,-,-,-,81,-,-,70,-,90,-,-,-,158,-,-,34,-,91,-,88,194,-,138,-,105,-,-,183,-,-,-,-,-,-,-,-,147,-,179,168,66
Hamburg,90,83,-,-,-,15,100,65,-,100,-,-,46,-,-,45,90,-,-,-,-,120,-,97,191,-,146,-,100,-,-,211,-,60,-,-,208,-,-,-,-,119,-,-,-,168,-,90,-,90
Helsinki,-,-,-,-,-,-,-,-,-,-,-,-,-,-,-,-,-,-,-,-,-,-,-,-,-,-,-,-,-,-,-,-,-,-,-,-,-,-,-,-,-,-,-,-,-,-,-,-,-,-
Larnaca,-,-,-,-,-,-,-,-,-,-,-,-,-,-,-,-,-,-,-,-,-,-,-,-,-,-,-,-,-,-,-,-,-,-,-,-,-,-,-,-,-,-,-,-,-,-,-,-,-,-
Lisbon,-,-,-,99,-,-,-,-,-,-,-,14,-,-,-,-,-,-,-,-,-,-,-,-,-,39,-,-,-,-,-,-,-,-,-,-,-,-,44,-,-,-,-,-,-,-,-,-,-,-
Ljubljana,95,209,-,-,-,80,-,168,-,-,-,-,158,-,-,120,158,120,-,-,-,-,-,-,-,-,-,-,102,-,-,-,-,78,-,-,-,-,-,-,-,-,-,-,-,32,-,-,27,137
London,269,-,-,-,-,326,-,189,-,-,-,-,-,-,158,-,-,-,-,-,-,-,-,-,324,-,-,-,-,449,-,218,-,-,-,-,-,-,-,-,-,-,-,-,-,-,-,-,-,-
Luxembourg City,-,-,-,-,-,68,-,-,-,84,-,-,80,-,-,32,-,97,-,-,-,-,-,-,126,-,-,-,105,-,-,100,-,105,-,-,-,-,-,-,-,-,-,-,-,226,-,74,-,126
Lyon,260,-,-,110,-,149,-,-,-,-,-,-,-,-,-,145,34,191,-,-,-,-,324,126,-,201,125,-,144,96,-,45,-,-,-,-,-,-,-,-,-,-,-,-,-,-,-,325,-,314
Madrid,-,-,-,39,-,-,-,378,-,-,-,-,-,-,-,-,-,-,-,-,39,-,-,-,201,-,-,-,-,286,-,211,-,-,-,-,-,-,33,-,-,-,-,-,-,-,-,-,-,-
Milan,-,-,-,-,-,94,-,-,-,166,-,-,-,-,-,119,91,146,-,-,-,-,-,-,125,-,-,-,103,34,-,193,-,-,-,-,42,-,-,-,-,-,-,-,-,78,-,-,-,53
Minsk,-,-,-,-,-,-,-,-,-,-,-,-,-,-,-,-,-,-,-,-,-,-,-,-,-,-,-,-,-,-,-,-,-,-,-,-,-,-,-,-,-,-,-,-,-,-,-,-,-,-
Munich,110,228,-,-,-,100,120,129,-,60,-,-,71,-,-,80,88,100,-,-,-,102,-,105,144,-,103,-,-,-,-,139,-,49,-,-,127,-,-,-,-,-,-,-,-,60,-,138,37,41
Nice,-,-,-,184,-,-,-,233,-,-,-,-,-,-,-,-,194,-,-,-,-,-,449,-,96,286,34,-,-,-,-,119,-,-,-,-,78,-,-,-,-,-,-,-,-,-,-,-,-,374
Oslo,-,-,-,-,-,-,-,-,-,-,-,-,-,-,-,-,-,-,-,-,-,-,-,-,-,-,-,-,-,-,-,-,-,-,-,-,-,-,-,-,-,52,-,-,-,-,-,-,-,-
Paris,149,-,-,159,-,211,-,72,-,353,-,-,-,-,342,122,138,211,-,-,-,-,218,100,45,211,193,-,139,119,-,-,-,254,-,-,355,-,-,-,-,-,-,-,-,244,-,341,-,130
Podgorica,-,-,-,-,-,-,-,-,-,-,-,-,-,-,-,-,-,-,-,-,-,-,-,-,-,-,-,-,-,-,-,-,-,-,-,-,-,-,-,-,-,-,-,-,-,-,-,-,-,-
Prague,100,167,-,-,-,36,16,137,-,42,-,-,147,-,-,84,105,60,-,-,-,78,-,105,-,-,-,-,49,-,-,254,-,-,-,-,-,-,-,-,-,-,-,-,-,15,-,84,-,137
Reykjavik,-,-,-,-,-,-,-,-,-,-,-,-,-,-,-,-,-,-,-,-,-,-,-,-,-,-,-,-,-,-,-,-,-,-,-,-,-,-,-,-,-,-,-,-,-,-,-,-,-,-
Riga,-,-,-,-,-,-,-,-,-,-,-,-,-,-,-,-,-,-,-,-,-,-,-,-,-,-,-,-,-,-,-,-,-,-,-,-,-,-,-,-,-,-,-,-,-,-,-,-,-,-
Rome,-,-,-,-,-,188,-,301,-,190,-,-,-,-,-,-,183,208,-,-,-,-,-,-,-,-,42,-,127,78,-,355,-,-,-,-,-,-,-,-,-,-,-,-,-,100,-,-,-,120
Sarajevo,-,-,-,-,-,-,-,-,-,-,-,-,-,-,-,-,-,-,-,-,-,-,-,-,-,-,-,-,-,-,-,-,-,-,-,-,-,-,-,-,-,-,-,-,-,-,-,-,-,-
Seville,-,-,-,55,-,-,-,-,-,-,-,64,-,-,-,-,-,-,-,-,44,-,-,-,-,33,-,-,-,-,-,-,-,-,-,-,-,-,-,-,-,-,-,-,-,-,-,-,-,-
Skopje,-,-,-,-,-,-,-,-,-,-,-,-,-,-,-,-,-,-,-,-,-,-,-,-,-,-,-,-,-,-,-,-,-,-,-,-,-,-,-,-,-,-,-,-,-,-,-,-,-,-
Sofia,-,-,-,-,-,-,-,-,-,-,-,-,-,-,-,-,-,-,-,-,-,-,-,-,-,-,-,-,-,-,-,-,-,-,-,-,-,-,-,-,-,-,-,-,-,-,-,-,-,-
Stockholm,-,-,-,-,-,175,-,-,-,-,-,-,68,-,-,199,-,119,-,-,-,-,-,-,-,-,-,-,-,-,52,-,-,-,-,-,-,-,-,-,-,-,-,-,-,-,-,-,-,-
Tallinn,-,-,-,-,-,-,-,-,-,-,-,-,-,-,-,-,-,-,-,-,-,-,-,-,-,-,-,-,-,-,-,-,-,-,-,-,-,-,-,-,-,-,-,-,-,-,-,-,-,-
Tirana,-,-,-,-,-,-,-,-,-,-,-,-,-,-,-,-,-,-,-,-,-,-,-,-,-,-,-,-,-,-,-,-,-,-,-,-,-,-,-,-,-,-,-,-,-,-,-,-,-,-
Valletta,-,-,-,-,-,-,-,-,-,-,-,-,-,-,-,-,-,-,-,-,-,-,-,-,-,-,-,-,-,-,-,-,-,-,-,-,-,-,-,-,-,-,-,-,-,-,-,-,-,-
Vienna,189,300.00,-,-,-,-,19,179.00,-,16,-,-,342,-,-,132,147,168,-,-,-,32,-,226,-,-,78,-,60,-,-,244,-,15,-,-,100,-,-,-,-,-,-,-,-,-,-,62,51,80
Vilnius,-,-,-,-,-,-,-,-,-,-,-,-,-,-,-,-,-,-,-,-,-,-,-,-,-,-,-,-,-,-,-,-,-,-,-,-,-,-,-,-,-,-,-,-,-,-,-,-,-,-
Warsaw,95,188,-,-,-,45,-,84,-,-,-,-,116,-,-,90,179,90,-,-,-,-,-,74,325,-,-,-,138,-,-,341,-,84,-,-,-,-,-,-,-,-,-,-,-,62,-,-,-,105
Zagreb,168,-,-,-,-,-,-,-,-,-,-,-,-,-,-,-,168,-,-,-,-,27,-,-,-,-,-,-,37,-,-,-,-,-,-,-,-,-,-,-,-,-,-,-,-,51,-,-,-,147
Zurich,60,178,-,484,-,90,-,168,-,122,-,-,80,-,-,48,66,90,-,-,-,137,-,126,314,-,53,-,41,374,-,130,-,137,-,-,120,-,-,-,-,-,-,-,-,80,-,105,147,-
